baseItem,chance,averageOrbs,destructionChance,baseItemDisambiguation,tier,name,disambiguation,minILvl,weight,poeWikiLink
"Abyssal Axe",7.870%,13,92.130%,,3,"Ngamahu's Flame",,,314.8,https://www.poewiki.net/wiki/Ngamahu%27s_Flame
"Agate Amulet",0.476%,211,50.000%,,2,"Voll's Devotion",,,55.6,https://www.poewiki.net/wiki/Voll%27s_Devotion
"Agate Amulet",14.004%,8,50.000%,,4,"The Aylardex",,,1637.3,https://www.poewiki.net/wiki/The_Aylardex
"Agate Amulet",17.760%,6,50.000%,,5,"Extractor Mentis",,,2076.4,https://www.poewiki.net/wiki/Extractor_Mentis
"Agate Amulet",17.760%,6,50.000%,,5,"Shaper's Seed",,,2076.4,https://www.poewiki.net/wiki/Shaper%27s_Seed
"Amber Amulet",22.044%,5,50.000%,,4,"Bloodsoaked Medallion",,,1637.3,https://www.poewiki.net/wiki/Bloodsoaked_Medallion
"Amber Amulet",27.956%,4,50.000%,,5,"The Anvil",,,2076.4,https://www.poewiki.net/wiki/The_Anvil
"Ambush Mitts",40.933%,3,59.067%,,4,Stormseeker,,,1637.3,https://www.poewiki.net/wiki/Stormseeker
Ambusher,25.000%,4,50.000%,,5,Goblinedge,,,2076.4,https://www.poewiki.net/wiki/Goblinedge
Ambusher,25.000%,4,50.000%,,5,Taproot,,,2076.4,https://www.poewiki.net/wiki/Taproot
"Amethyst Ring",1.390%,72,90.740%,,2,"Death Rush",,,55.6,https://www.poewiki.net/wiki/Death_Rush
"Amethyst Ring",7.870%,13,90.740%,,3,"Ming's Heart",,,314.8,https://www.poewiki.net/wiki/Ming%27s_Heart
"Ancient Greaves",40.933%,3,59.067%,,4,"Kahuturoa's Certainty",,,1637.3,https://www.poewiki.net/wiki/Kahuturoa%27s_Certainty
"Ancient Spirit Shield",40.933%,3,59.067%,,4,"Kongming's Stratagem",,,1637.3,https://www.poewiki.net/wiki/Kongming%27s_Stratagem
"Antique Greaves",50.000%,2,50.000%,,5,"Torchoak Step",,,2076.4,https://www.poewiki.net/wiki/Torchoak_Step
"Antique Rapier",50.000%,2,50.000%,,5,"Ewar's Mirage",,,2076.4,https://www.poewiki.net/wiki/Ewar%27s_Mirage
"Arcanist Gloves",7.870%,13,92.130%,,3,"Grip of the Council",,,314.8,https://www.poewiki.net/wiki/Grip_of_the_Council
"Arcanist Slippers",7.870%,13,92.130%,,3,"Inya's Epiphany",,,314.8,https://www.poewiki.net/wiki/Inya%27s_Epiphany
"Archon Kite Shield",1.390%,72,98.610%,,2,"Prism Guardian",,,55.6,https://www.poewiki.net/wiki/Prism_Guardian
"Assassin Bow",1.304%,77,50.000%,,2,Darkscorn,,,55.6,https://www.poewiki.net/wiki/Darkscorn
"Assassin Bow",48.696%,3,50.000%,,5,"Chin Sol",,,2076.4,https://www.poewiki.net/wiki/Chin_Sol
"Assassin's Garb",7.870%,13,92.130%,,3,"Cospri's Will",,,314.8,https://www.poewiki.net/wiki/Cospri%27s_Will
"Assassin's Mitts",7.870%,13,51.198%,,3,"Storm's Gift",,,314.8,https://www.poewiki.net/wiki/Storm%27s_Gift
"Assassin's Mitts",40.933%,3,51.198%,,4,Snakebite,,,1637.3,https://www.poewiki.net/wiki/Snakebite
"Astral Plate",7.870%,13,84.260%,,3,"Death's Oath",,,314.8,https://www.poewiki.net/wiki/Death%27s_Oath
"Astral Plate",7.870%,13,84.260%,,3,Blunderbore,,,314.8,https://www.poewiki.net/wiki/Blunderbore
"Auric Mace",50.000%,2,50.000%,,5,"Callinellus Malleus",,,2076.4,https://www.poewiki.net/wiki/Callinellus_Malleus
"Aventail Helmet",50.000%,2,50.000%,,5,Mindspiral,,,2076.4,https://www.poewiki.net/wiki/Mindspiral
Awl,50.000%,2,50.000%,,5,Wildslash,,,2076.4,https://www.poewiki.net/wiki/Wildslash
"Barbute Helmet",50.000%,2,50.000%,,5,Thrillsteel,,,2076.4,https://www.poewiki.net/wiki/Thrillsteel
"Baroque Round Shield",7.870%,13,92.130%,,3,"Daresso's Courage",,,314.8,https://www.poewiki.net/wiki/Daresso%27s_Courage
"Basket Rapier",50.000%,2,50.000%,,5,Aurumvorax,,,2076.4,https://www.poewiki.net/wiki/Aurumvorax
"Bastard Sword",50.000%,2,50.000%,,5,Shiversting,,,2076.4,https://www.poewiki.net/wiki/Shiversting
"Blazing Arrow Quiver",50.000%,2,50.000%,,5,Blackgleam,,,2076.4,https://www.poewiki.net/wiki/Blackgleam
"Blue Pearl Amulet",7.870%,13,92.130%,,3,Gloomfang,,,314.8,https://www.poewiki.net/wiki/Gloomfang
"Blunt Arrow Quiver",40.933%,3,59.067%,,4,Rearguard,,,1637.3,https://www.poewiki.net/wiki/Rearguard
"Bone Armour",40.933%,3,59.067%,,4,Bloodbond,,,1637.3,https://www.poewiki.net/wiki/Bloodbond
"Bone Helmet",40.933%,3,59.067%,,4,"Ancient Skull",,,1637.3,https://www.poewiki.net/wiki/Ancient_Skull
"Boot Blade",50.000%,2,50.000%,,5,Widowmaker,,,2076.4,https://www.poewiki.net/wiki/Widowmaker
"Boot Knife",50.000%,2,50.000%,,5,"Ungil's Gauche",,,2076.4,https://www.poewiki.net/wiki/Ungil%27s_Gauche
"Branded Kite Shield",7.870%,13,92.130%,,3,"Saffell's Frame",,,314.8,https://www.poewiki.net/wiki/Saffell%27s_Frame
"Brass Maul",50.000%,2,50.000%,,5,"Geofri's Baptism",,,2076.4,https://www.poewiki.net/wiki/Geofri%27s_Baptism
"Brass Spirit Shield",40.933%,3,59.067%,,4,"Sentari's Answer",,,1637.3,https://www.poewiki.net/wiki/Sentari%27s_Answer
"Bronze Gauntlets",50.000%,2,50.000%,,5,Giantsbane,,,2076.4,https://www.poewiki.net/wiki/Giantsbane
"Bronze Sceptre",50.000%,2,50.000%,,5,"Axiom Perpetuum",,,2076.4,https://www.poewiki.net/wiki/Axiom_Perpetuum
"Bronzescale Boots",40.933%,3,59.067%,,4,"Lioneye's Paws",,,1637.3,https://www.poewiki.net/wiki/Lioneye%27s_Paws
"Bronzescale Gauntlets",6.582%,16,50.000%,,3,"Vaal Caress",,,314.8,https://www.poewiki.net/wiki/Vaal_Caress
"Bronzescale Gauntlets",43.418%,3,50.000%,,5,Slitherpinch,,,2076.4,https://www.poewiki.net/wiki/Slitherpinch
"Buckskin Tunic",40.933%,3,59.067%,,4,Ashrend,,,1637.3,https://www.poewiki.net/wiki/Ashrend
"Callous Mask",40.933%,3,59.067%,,4,"Eye of Malice",,,1637.3,https://www.poewiki.net/wiki/Eye_of_Malice
"Carnal Armour",50.000%,2,50.000%,,5,"The Restless Ward",,,2076.4,https://www.poewiki.net/wiki/The_Restless_Ward
"Carnal Boots",1.390%,72,98.610%,,2,Corpsewalker,,,55.6,https://www.poewiki.net/wiki/Corpsewalker
"Carnal Mitts",22.044%,5,50.000%,,4,"Algor Mortis",,,1637.3,https://www.poewiki.net/wiki/Algor_Mortis
"Carnal Mitts",27.956%,4,50.000%,,5,"The Embalmer",,,2076.4,https://www.poewiki.net/wiki/The_Embalmer
"Carnal Sceptre",40.933%,3,59.067%,,4,"Breath of the Council",,,1637.3,https://www.poewiki.net/wiki/Breath_of_the_Council
"Carved Wand",1.390%,72,57.678%,,2,"The Poet's Pen",,,55.6,https://www.poewiki.net/wiki/The_Poet%27s_Pen
"Carved Wand",40.933%,3,57.678%,,4,Ashcaller,,,1637.3,https://www.poewiki.net/wiki/Ashcaller
"Cedar Tower Shield",40.933%,3,59.067%,,4,"Trolltimber Spire",,,1637.3,https://www.poewiki.net/wiki/Trolltimber_Spire
"Chain Belt",11.022%,10,50.000%,,4,"Ascent From Flesh",,,1637.3,https://www.poewiki.net/wiki/Ascent_From_Flesh
"Chain Belt",11.022%,10,50.000%,,4,"Maligaro's Restraint",,,1637.3,https://www.poewiki.net/wiki/Maligaro%27s_Restraint
"Chain Belt",13.978%,8,50.000%,,5,"Bated Breath",,,2076.4,https://www.poewiki.net/wiki/Bated_Breath
"Chain Belt",13.978%,8,50.000%,,5,"Chain of Endurance",,,2076.4,https://www.poewiki.net/wiki/Chain_of_Endurance
"Chain Gloves",40.933%,3,59.067%,,4,"Shackles of the Wretched",,,1637.3,https://www.poewiki.net/wiki/Shackles_of_the_Wretched
"Champion Kite Shield",1.390%,72,98.610%,,2,"Aegis Aurora",,,55.6,https://www.poewiki.net/wiki/Aegis_Aurora
"Chiming Spirit Shield",50.000%,2,50.000%,,5,"The Eternal Apple",,,2076.4,https://www.poewiki.net/wiki/The_Eternal_Apple
"Citrine Amulet",2.405%,42,50.000%,,3,"The Jinxed Juju",,,314.8,https://www.poewiki.net/wiki/The_Jinxed_Juju
"Citrine Amulet",15.865%,7,50.000%,,5,"Eye of Innocence",,,2076.4,https://www.poewiki.net/wiki/Eye_of_Innocence
"Citrine Amulet",15.865%,7,50.000%,,5,"Daresso's Salute",,,2076.4,https://www.poewiki.net/wiki/Daresso%27s_Salute
"Citrine Amulet",15.865%,7,50.000%,,5,"Retaliation Charm",,,2076.4,https://www.poewiki.net/wiki/Retaliation_Charm
"Clasped Boots",50.000%,2,50.000%,,5,Sundance,,,2076.4,https://www.poewiki.net/wiki/Sundance
"Clasped Mitts",25.000%,4,50.000%,,4,"Aukuna's Will",,,1637.3,https://www.poewiki.net/wiki/Aukuna%27s_Will
"Clasped Mitts",25.000%,4,50.000%,,4,"Shadows and Dust",,,1637.3,https://www.poewiki.net/wiki/Shadows_and_Dust
Cleaver,50.000%,2,50.000%,,5,Dreadarc,,,2076.4,https://www.poewiki.net/wiki/Dreadarc
"Close Helmet",40.933%,3,59.067%,,4,"The Baron",,,1637.3,https://www.poewiki.net/wiki/The_Baron
"Cloth Belt",0.391%,256,50.000%,,2,Sunblast,,,55.6,https://www.poewiki.net/wiki/Sunblast
"Cloth Belt",2.215%,46,50.000%,,3,"Soul Tether",,,314.8,https://www.poewiki.net/wiki/Soul_Tether
"Cloth Belt",2.215%,46,50.000%,,3,"Bound Fate",,,314.8,https://www.poewiki.net/wiki/Bound_Fate
"Cloth Belt",2.215%,46,50.000%,,3,Soulthirst,,,314.8,https://www.poewiki.net/wiki/Soulthirst
"Cloth Belt",2.215%,46,50.000%,,3,"Nevalius Inheritance",,,314.8,https://www.poewiki.net/wiki/Nevalius_Inheritance
"Cloth Belt",11.522%,9,50.000%,,4,"Ceinture of Benevolence",,,1637.3,https://www.poewiki.net/wiki/Ceinture_of_Benevolence
"Cloth Belt",14.612%,7,50.000%,,5,"Perandus Blazon",,,2076.4,https://www.poewiki.net/wiki/Perandus_Blazon
"Cloth Belt",14.612%,7,50.000%,,5,"The Druggery",,,2076.4,https://www.poewiki.net/wiki/The_Druggery
"Cobalt Jewel",1.390%,72,95.830%,,2,"Unending Hunger",,,55.6,https://www.poewiki.net/wiki/Unending_Hunger
"Cobalt Jewel",1.390%,72,95.830%,,2,Witchbane,,,55.6,https://www.poewiki.net/wiki/Witchbane
"Cobalt Jewel",1.390%,72,95.830%,,2,"Dead Reckoning",,,55.6,https://www.poewiki.net/wiki/Dead_Reckoning
"Colossal Tower Shield",40.933%,3,59.067%,,4,"Ahn's Heritage",,,1637.3,https://www.poewiki.net/wiki/Ahn%27s_Heritage
"Compound Spiked Shield",50.000%,2,50.000%,,5,"Maligaro's Lens",,,2076.4,https://www.poewiki.net/wiki/Maligaro%27s_Lens
"Conjurer Boots",7.870%,13,92.130%,,3,Rainbowstride,,,314.8,https://www.poewiki.net/wiki/Rainbowstride
"Conjurer Gloves",40.933%,3,59.067%,,4,Voidbringer,,,1637.3,https://www.poewiki.net/wiki/Voidbringer
"Conquest Chainmail",50.000%,2,50.000%,,5,Kingsguard,,,2076.4,https://www.poewiki.net/wiki/Kingsguard
"Copper Plate",40.933%,3,59.067%,,4,"Solaris Lorica",,,1637.3,https://www.poewiki.net/wiki/Solaris_Lorica
"Coral Amulet",2.452%,41,50.000%,,3,"Tainted Pact",,,314.8,https://www.poewiki.net/wiki/Tainted_Pact
"Coral Amulet",2.452%,41,50.000%,,3,Tavukai,,,314.8,https://www.poewiki.net/wiki/Tavukai
"Coral Amulet",12.752%,8,50.000%,,4,"The Primordial Chain",,,1637.3,https://www.poewiki.net/wiki/The_Primordial_Chain
"Coral Amulet",16.172%,7,50.000%,,5,"Araku Tiki",,,2076.4,https://www.poewiki.net/wiki/Araku_Tiki
"Coral Amulet",16.172%,7,50.000%,,5,"Ikiaho's Promise",,,2076.4,https://www.poewiki.net/wiki/Ikiaho%27s_Promise
"Coral Ring",3.907%,26,50.000%,,3,Winterweave,,,314.8,https://www.poewiki.net/wiki/Winterweave
"Coral Ring",20.321%,5,50.000%,,4,"Kaom's Sign",,,1637.3,https://www.poewiki.net/wiki/Kaom%27s_Sign
"Coral Ring",25.771%,4,50.000%,,5,"Sibyl's Lament",,,2076.4,https://www.poewiki.net/wiki/Sibyl%27s_Lament
"Corrugated Buckler",40.933%,3,59.067%,,4,"Great Old One's Ward",,,1637.3,https://www.poewiki.net/wiki/Great_Old_One%27s_Ward
"Corsair Sword",40.933%,3,59.067%,,4,Ichimonji,,,1637.3,https://www.poewiki.net/wiki/Ichimonji
"Crimson Jewel",1.390%,72,93.050%,,2,"Might of the Meek",,,55.6,https://www.poewiki.net/wiki/Might_of_the_Meek
"Crimson Jewel",1.390%,72,93.050%,,2,Firesong,,,55.6,https://www.poewiki.net/wiki/Firesong
"Crimson Jewel",1.390%,72,93.050%,,2,Bloodnotch,,,55.6,https://www.poewiki.net/wiki/Bloodnotch
"Crimson Jewel",1.390%,72,93.050%,,2,"Immutable Force",,,55.6,https://www.poewiki.net/wiki/Immutable_Force
"Crimson Jewel",1.390%,72,93.050%,,2,"Inspired Learning",,,55.6,https://www.poewiki.net/wiki/Inspired_Learning
"Crude Bow",6.582%,16,50.000%,,3,Widowhail,,,314.8,https://www.poewiki.net/wiki/Widowhail
"Crude Bow",43.418%,3,50.000%,,5,Silverbranch,,,2076.4,https://www.poewiki.net/wiki/Silverbranch
"Crusader Chainmail",40.933%,3,59.067%,,4,"Ambu's Charge",,,1637.3,https://www.poewiki.net/wiki/Ambu%27s_Charge
"Crusader Gloves",7.870%,13,92.130%,,3,Repentance,,,314.8,https://www.poewiki.net/wiki/Repentance
"Crusader Plate",1.390%,72,57.678%,,2,"The Iron Fortress",,,55.6,https://www.poewiki.net/wiki/The_Iron_Fortress
"Crusader Plate",40.933%,3,57.678%,,4,"Lioneye's Vision",,,1637.3,https://www.poewiki.net/wiki/Lioneye%27s_Vision
"Crystal Belt",7.870%,13,92.130%,,3,Auxium,,,314.8,https://www.poewiki.net/wiki/Auxium
"Crystal Sceptre",7.870%,13,84.260%,,3,"Nycta's Lantern",,,314.8,https://www.poewiki.net/wiki/Nycta%27s_Lantern
"Crystal Sceptre",7.870%,13,84.260%,,3,"The Supreme Truth",,,314.8,https://www.poewiki.net/wiki/The_Supreme_Truth
"Cutthroat's Garb",40.933%,3,59.067%,,4,"Bronn's Lithe",,,1637.3,https://www.poewiki.net/wiki/Bronn%27s_Lithe
"Death Bow",7.870%,13,51.198%,,3,"Death's Harp",,,314.8,https://www.poewiki.net/wiki/Death%27s_Harp
"Death Bow",40.933%,3,51.198%,,4,"Iron Commander",,,1637.3,https://www.poewiki.net/wiki/Iron_Commander
"Decimation Bow",50.000%,2,50.000%,,5,Infractem,,,2076.4,https://www.poewiki.net/wiki/Infractem
"Decorative Axe",50.000%,2,50.000%,,5,"Relentless Fury",,,2076.4,https://www.poewiki.net/wiki/Relentless_Fury
"Deerskin Boots",50.000%,2,50.000%,,5,Deerstalker,,,2076.4,https://www.poewiki.net/wiki/Deerstalker
"Deerskin Gloves",7.870%,13,92.130%,,3,"Maligaro's Virtuosity",,,314.8,https://www.poewiki.net/wiki/Maligaro%27s_Virtuosity
"Deicide Mask",1.390%,72,98.610%,,2,"Heretic's Veil",,,55.6,https://www.poewiki.net/wiki/Heretic%27s_Veil
"Demon Dagger",7.870%,13,92.130%,,3,Vulconus,,,314.8,https://www.poewiki.net/wiki/Vulconus
"Desert Brigandine",7.870%,13,92.130%,,3,"Lightning Coil",,,314.8,https://www.poewiki.net/wiki/Lightning_Coil
"Despot Axe",50.000%,2,50.000%,,5,"Debeon's Dirge",,,2076.4,https://www.poewiki.net/wiki/Debeon%27s_Dirge
"Destiny Leather",7.870%,13,92.130%,,3,"Queen of the Forest",,,314.8,https://www.poewiki.net/wiki/Queen_of_the_Forest
"Destroyer Regalia",40.933%,3,59.067%,,4,"The Coming Calamity",,,1637.3,https://www.poewiki.net/wiki/The_Coming_Calamity
"Devout Chainmail",1.390%,72,98.610%,,2,"The Fourth Vow",,,55.6,https://www.poewiki.net/wiki/The_Fourth_Vow
"Diamond Ring",16.667%,6,50.000%,,4,"Grattus Signet",,,1637.3,https://www.poewiki.net/wiki/Grattus_Signet
"Diamond Ring",16.667%,6,50.000%,,4,"Gifts from Above",,,1637.3,https://www.poewiki.net/wiki/Gifts_from_Above
"Diamond Ring",16.667%,6,50.000%,,4,"Romira's Banquet",,,1637.3,https://www.poewiki.net/wiki/Romira%27s_Banquet
"Dragonscale Boots",40.933%,3,59.067%,,4,"Darkray Vectors",,,1637.3,https://www.poewiki.net/wiki/Darkray_Vectors
"Dragonscale Gauntlets",50.000%,2,50.000%,,5,Surgebinders,,,2076.4,https://www.poewiki.net/wiki/Surgebinders
"Dread Maul",40.933%,3,59.067%,,4,Voidhome,,,1637.3,https://www.poewiki.net/wiki/Voidhome
"Dream Mace",50.000%,2,50.000%,,5,Flesh-Eater,,,2076.4,https://www.poewiki.net/wiki/Flesh-Eater
"Driftwood Wand",50.000%,2,50.000%,,5,Lifesprig,,,2076.4,https://www.poewiki.net/wiki/Lifesprig
"Dusk Blade",1.390%,72,98.610%,,2,"Ephemeral Edge",,,55.6,https://www.poewiki.net/wiki/Ephemeral_Edge
"Ebony Tower Shield",0.647%,155,50.000%,,1,"Tukohama's Fortress",,,27.2,https://www.poewiki.net/wiki/Tukohama%27s_Fortress
"Ebony Tower Shield",49.353%,3,50.000%,,5,"Chernobog's Pillar",,,2076.4,https://www.poewiki.net/wiki/Chernobog%27s_Pillar
"Eelskin Boots",50.000%,2,50.000%,,5,"Orbala's Stand",,,2076.4,https://www.poewiki.net/wiki/Orbala%27s_Stand
"Eelskin Gloves",40.933%,3,59.067%,,4,"Great Old One's Tentacles",,,1637.3,https://www.poewiki.net/wiki/Great_Old_One%27s_Tentacles
"Elder Sword",40.933%,3,59.067%,,4,"Innsbury Edge",,,1637.3,https://www.poewiki.net/wiki/Innsbury_Edge
"Elegant Ringmail",40.933%,3,59.067%,,4,"Geofri's Sanctuary",,,1637.3,https://www.poewiki.net/wiki/Geofri%27s_Sanctuary
"Elegant Round Shield",0.036%,2771,50.000%,,0,"The Squire",,,1.5,https://www.poewiki.net/wiki/The_Squire
"Elegant Round Shield",49.964%,3,50.000%,,5,"The Oppressor",,,2076.4,https://www.poewiki.net/wiki/The_Oppressor
"Elegant Sword",50.000%,2,50.000%,,5,"Lakishu's Blade",,,2076.4,https://www.poewiki.net/wiki/Lakishu%27s_Blade
"Embroidered Gloves",7.870%,13,92.130%,,3,"Vixen's Entrapment",,,314.8,https://www.poewiki.net/wiki/Vixen%27s_Entrapment
"Engraved Greatsword",0.038%,2667,99.963%,,0,"Rakiata's Dance",,,1.5,https://www.poewiki.net/wiki/Rakiata%27s_Dance
"Engraved Wand",22.044%,5,50.000%,,4,"Midnight Bargain",,,1637.3,https://www.poewiki.net/wiki/Midnight_Bargain
"Engraved Wand",27.956%,4,50.000%,,5,"Eclipse Solaris",,,2076.4,https://www.poewiki.net/wiki/Eclipse_Solaris
Estoc,50.000%,2,50.000%,,5,"Daresso's Passion",,,2076.4,https://www.poewiki.net/wiki/Daresso%27s_Passion
"Etched Greatsword",40.933%,3,59.067%,,4,"Edge of Madness",,,1637.3,https://www.poewiki.net/wiki/Edge_of_Madness
"Eternal Burgonet",7.870%,13,92.130%,,3,"Usurper's Penance",,,314.8,https://www.poewiki.net/wiki/Usurper%27s_Penance
"Eternal Sword",7.870%,13,76.390%,,3,"Grelwood Shank",,,314.8,https://www.poewiki.net/wiki/Grelwood_Shank
"Eternal Sword",7.870%,13,76.390%,,3,Dreamfeather,,,314.8,https://www.poewiki.net/wiki/Dreamfeather
"Eternal Sword",7.870%,13,76.390%,,3,"Beltimber Blade",,,314.8,https://www.poewiki.net/wiki/Beltimber_Blade
"Exquisite Leather",1.390%,72,90.740%,,2,Kintsugi,,,55.6,https://www.poewiki.net/wiki/Kintsugi
"Exquisite Leather",7.870%,13,90.740%,,3,"Yriel's Fostering",,,314.8,https://www.poewiki.net/wiki/Yriel%27s_Fostering
"Ezomyte Axe",25.000%,4,50.000%,,5,"Sinvicta's Mettle",,,2076.4,https://www.poewiki.net/wiki/Sinvicta%27s_Mettle
"Ezomyte Axe",25.000%,4,50.000%,,5,"Wings of Entropy",,,2076.4,https://www.poewiki.net/wiki/Wings_of_Entropy
"Ezomyte Blade",50.000%,2,50.000%,,5,"Kondo's Pride",,,2076.4,https://www.poewiki.net/wiki/Kondo%27s_Pride
"Ezomyte Burgonet",7.870%,13,92.130%,,3,Abyssus,,,314.8,https://www.poewiki.net/wiki/Abyssus
"Ezomyte Dagger",7.870%,13,92.130%,,3,"Cold Iron Point",,,314.8,https://www.poewiki.net/wiki/Cold_Iron_Point
"Ezomyte Staff",25.000%,4,50.000%,,4,"Cane of Unravelling",,,1637.3,https://www.poewiki.net/wiki/Cane_of_Unravelling
"Ezomyte Staff",25.000%,4,50.000%,,4,Soulwrest,,,1637.3,https://www.poewiki.net/wiki/Soulwrest
"Feathered Arrow Quiver",25.000%,4,50.000%,,5,"Asphyxia's Wrath",,,2076.4,https://www.poewiki.net/wiki/Asphyxia%27s_Wrath
"Feathered Arrow Quiver",25.000%,4,50.000%,,5,"Saemus' Gift",,,2076.4,https://www.poewiki.net/wiki/Saemus%27_Gift
"Festival Mask",50.000%,2,50.000%,,5,"Leer Cast",,,2076.4,https://www.poewiki.net/wiki/Leer_Cast
"Fiend Dagger",0.680%,148,58.388%,,1,"Arakaali's Fang",,,27.2,https://www.poewiki.net/wiki/Arakaali%27s_Fang
"Fiend Dagger",40.933%,3,58.388%,,4,"The Consuming Dark",,,1637.3,https://www.poewiki.net/wiki/The_Consuming_Dark
"Fishing Rod",0.038%,2667,98.573%,,0,Reefbane,,,1.5,https://www.poewiki.net/wiki/Reefbane
"Fishing Rod",1.390%,72,98.573%,,2,"Song of the Sirens",,,55.6,https://www.poewiki.net/wiki/Song_of_the_Sirens
"Flaying Knife",50.000%,2,50.000%,,5,Mightflay,,,2076.4,https://www.poewiki.net/wiki/Mightflay
"Fright Claw",50.000%,2,50.000%,,5,"Mortem Morsu",,,2076.4,https://www.poewiki.net/wiki/Mortem_Morsu
"Full Dragonscale",7.870%,13,92.130%,,3,"Daresso's Defiance",,,314.8,https://www.poewiki.net/wiki/Daresso%27s_Defiance
"Full Wyrmscale",7.870%,13,92.130%,,3,"Belly of the Beast",,,314.8,https://www.poewiki.net/wiki/Belly_of_the_Beast
Gavel,1.304%,77,50.000%,,2,Mjölner,,,55.6,https://www.poewiki.net/wiki/Mjölner
Gavel,48.696%,3,50.000%,,5,"Cameria's Maul",,,2076.4,https://www.poewiki.net/wiki/Cameria%27s_Maul
"Gilded Sallet",7.870%,13,92.130%,,3,Deidbell,,,314.8,https://www.poewiki.net/wiki/Deidbell
"Gladiator Plate",1.390%,72,98.610%,,2,"The Brass Dome",,,55.6,https://www.poewiki.net/wiki/The_Brass_Dome
Gladius,40.933%,3,59.067%,,4,Scaeva,,,1637.3,https://www.poewiki.net/wiki/Scaeva
"Glorious Plate",1.390%,72,90.740%,,2,"Kaom's Heart",,,55.6,https://www.poewiki.net/wiki/Kaom%27s_Heart
"Glorious Plate",7.870%,13,90.740%,,3,Perfidy,,,314.8,https://www.poewiki.net/wiki/Perfidy
"Gnarled Branch",25.000%,4,50.000%,,5,"The Blood Thorn",,,2076.4,https://www.poewiki.net/wiki/The_Blood_Thorn
"Gnarled Branch",25.000%,4,50.000%,,5,Fencoil,,,2076.4,https://www.poewiki.net/wiki/Fencoil
"Goat's Horn",50.000%,2,50.000%,,5,"Abberath's Horn",,,2076.4,https://www.poewiki.net/wiki/Abberath%27s_Horn
"Goathide Boots",0.680%,148,58.388%,,1,"Abberath's Hooves",,,27.2,https://www.poewiki.net/wiki/Abberath%27s_Hooves
"Goathide Boots",40.933%,3,58.388%,,4,"Victario's Flight",,,1637.3,https://www.poewiki.net/wiki/Victario%27s_Flight
"Goathide Gloves",50.000%,2,50.000%,,5,Hrimsorrow,,,2076.4,https://www.poewiki.net/wiki/Hrimsorrow
"Gold Amulet",14.139%,8,50.000%,,4,"Perquil's Toe",,,1637.3,https://www.poewiki.net/wiki/Perquil%27s_Toe
"Gold Amulet",17.931%,6,50.000%,,5,Winterheart,,,2076.4,https://www.poewiki.net/wiki/Winterheart
"Gold Amulet",17.931%,6,50.000%,,5,"The Ignomon",,,2076.4,https://www.poewiki.net/wiki/The_Ignomon
"Gold Ring",3.907%,26,50.000%,,3,Andvarius,,,314.8,https://www.poewiki.net/wiki/Andvarius
"Gold Ring",20.321%,5,50.000%,,4,"Ventor's Gamble",,,1637.3,https://www.poewiki.net/wiki/Ventor%27s_Gamble
"Gold Ring",25.771%,4,50.000%,,5,"The Highwayman",,,2076.4,https://www.poewiki.net/wiki/The_Highwayman
"Golden Mask",25.000%,4,50.000%,,5,"The Three Dragons",,,2076.4,https://www.poewiki.net/wiki/The_Three_Dragons
"Golden Mask",25.000%,4,50.000%,,5,Willclash,,,2076.4,https://www.poewiki.net/wiki/Willclash
"Golden Plate",40.933%,3,59.067%,,4,"Greed's Embrace",,,1637.3,https://www.poewiki.net/wiki/Greed%27s_Embrace
"Goliath Gauntlets",50.000%,2,50.000%,,5,"Empire's Grasp",,,2076.4,https://www.poewiki.net/wiki/Empire%27s_Grasp
"Great Crown",40.933%,3,59.067%,,4,"Geofri's Crest",,,1637.3,https://www.poewiki.net/wiki/Geofri%27s_Crest
"Great Helmet",40.933%,3,59.067%,,4,"Veil of the Night",,,1637.3,https://www.poewiki.net/wiki/Veil_of_the_Night
"Great Mallet",6.582%,16,50.000%,,3,Trypanon,,,314.8,https://www.poewiki.net/wiki/Trypanon
"Great Mallet",43.418%,3,50.000%,,5,"Chober Chaber",,,2076.4,https://www.poewiki.net/wiki/Chober_Chaber
"Grinning Fetish",50.000%,2,50.000%,,5,"Earendel's Embrace",,,2076.4,https://www.poewiki.net/wiki/Earendel%27s_Embrace
"Gut Ripper",25.000%,4,50.000%,,5,"Advancing Fortress",,,2076.4,https://www.poewiki.net/wiki/Advancing_Fortress
"Gut Ripper",25.000%,4,50.000%,,5,"Ornament of the East",,,2076.4,https://www.poewiki.net/wiki/Ornament_of_the_East
"Harbinger Bow",22.044%,5,50.000%,,4,Slivertongue,,,1637.3,https://www.poewiki.net/wiki/Slivertongue
"Harbinger Bow",27.956%,4,50.000%,,5,"Nuro's Harp",,,2076.4,https://www.poewiki.net/wiki/Nuro%27s_Harp
"Harlequin Mask",7.870%,13,92.130%,,3,"Mind of the Council",,,314.8,https://www.poewiki.net/wiki/Mind_of_the_Council
"Harmonic Spirit Shield",40.933%,3,59.067%,,4,"Malachai's Loop",,,1637.3,https://www.poewiki.net/wiki/Malachai%27s_Loop
"Headsman Axe",50.000%,2,50.000%,,5,"The Blood Reaper",,,2076.4,https://www.poewiki.net/wiki/The_Blood_Reaper
"Heavy Arrow Quiver",40.933%,3,59.067%,,4,"Scorpion's Call",,,1637.3,https://www.poewiki.net/wiki/Scorpion%27s_Call
"Heavy Belt",0.011%,8816,50.000%,,0,Mageblood,,,1.5,https://www.poewiki.net/wiki/Mageblood
"Heavy Belt",2.381%,43,50.000%,,3,"Dyadian Dawn",,,314.8,https://www.poewiki.net/wiki/Dyadian_Dawn
"Heavy Belt",2.381%,43,50.000%,,3,"Mother's Embrace",,,314.8,https://www.poewiki.net/wiki/Mother%27s_Embrace
"Heavy Belt",2.381%,43,50.000%,,3,"Kaom's Binding",,,314.8,https://www.poewiki.net/wiki/Kaom%27s_Binding
"Heavy Belt",2.381%,43,50.000%,,3,"Bisco's Leash",,,314.8,https://www.poewiki.net/wiki/Bisco%27s_Leash
"Heavy Belt",12.382%,9,50.000%,,4,"Belt of the Deceiver",,,1637.3,https://www.poewiki.net/wiki/Belt_of_the_Deceiver
"Heavy Belt",12.382%,9,50.000%,,4,"Meginord's Girdle",,,1637.3,https://www.poewiki.net/wiki/Meginord%27s_Girdle
"Heavy Belt",15.702%,7,50.000%,,5,Siegebreaker,,,2076.4,https://www.poewiki.net/wiki/Siegebreaker
"Hellion's Paw",0.038%,2667,99.963%,,0,Bloodseeker,,,1.5,https://www.poewiki.net/wiki/Bloodseeker
"Highborn Staff",0.680%,148,99.320%,,1,"Martyr of Innocence",,,27.2,https://www.poewiki.net/wiki/Martyr_of_Innocence
"Highland Blade",50.000%,2,50.000%,,5,"Rigwald's Charge",,,2076.4,https://www.poewiki.net/wiki/Rigwald%27s_Charge
"Holy Chainmail",7.870%,13,92.130%,,3,"Voll's Protector",,,314.8,https://www.poewiki.net/wiki/Voll%27s_Protector
"Hubris Circlet",6.943%,15,50.000%,,3,"Ylfeban's Trickery",,,314.8,https://www.poewiki.net/wiki/Ylfeban%27s_Trickery
"Hubris Circlet",6.943%,15,50.000%,,3,"Crown of Eyes",,,314.8,https://www.poewiki.net/wiki/Crown_of_Eyes
"Hubris Circlet",36.113%,3,50.000%,,4,"Eber's Unification",,,1637.3,https://www.poewiki.net/wiki/Eber%27s_Unification
"Hydrascale Gauntlets",1.390%,72,98.610%,,2,Gravebind,,,55.6,https://www.poewiki.net/wiki/Gravebind
"Imbued Wand",14.139%,8,50.000%,,4,"Piscator's Vigil",,,1637.3,https://www.poewiki.net/wiki/Piscator%27s_Vigil
"Imbued Wand",17.931%,6,50.000%,,5,Moonsorrow,,,2076.4,https://www.poewiki.net/wiki/Moonsorrow
"Imbued Wand",17.931%,6,50.000%,,5,Obliteration,,,2076.4,https://www.poewiki.net/wiki/Obliteration
"Imperial Bow",0.038%,2667,98.573%,,0,"Lioneye's Glare",,,1.5,https://www.poewiki.net/wiki/Lioneye%27s_Glare
"Imperial Bow",1.390%,72,98.573%,,2,Windripper,,,55.6,https://www.poewiki.net/wiki/Windripper
"Imperial Claw",40.933%,3,59.067%,,4,"Touch of Anguish",,,1637.3,https://www.poewiki.net/wiki/Touch_of_Anguish
"Imperial Maul",0.680%,148,99.320%,,1,Tidebreaker,,,27.2,https://www.poewiki.net/wiki/Tidebreaker
"Imperial Skean",0.036%,2771,50.000%,,0,Divinarius,,,1.5,https://www.poewiki.net/wiki/Divinarius
"Imperial Skean",49.964%,3,50.000%,,5,"White Wind",,,2076.4,https://www.poewiki.net/wiki/White_Wind
"Imperial Staff",12.500%,8,50.000%,,4,"Agnerod North",,,1637.3,https://www.poewiki.net/wiki/Agnerod_North
"Imperial Staff",12.500%,8,50.000%,,4,"Agnerod West",,,1637.3,https://www.poewiki.net/wiki/Agnerod_West
"Imperial Staff",12.500%,8,50.000%,,4,"Agnerod East",,,1637.3,https://www.poewiki.net/wiki/Agnerod_East
"Imperial Staff",12.500%,8,50.000%,,4,"Agnerod South",,,1637.3,https://www.poewiki.net/wiki/Agnerod_South
"Infernal Axe",40.933%,3,59.067%,,4,Dyadus,,,1637.3,https://www.poewiki.net/wiki/Dyadus
"Infernal Sword",50.000%,2,50.000%,,5,"Oro's Sacrifice",,,2076.4,https://www.poewiki.net/wiki/Oro%27s_Sacrifice
"Iron Circlet",1.390%,72,57.678%,,2,"Asenath's Mark",,,55.6,https://www.poewiki.net/wiki/Asenath%27s_Mark
"Iron Circlet",40.933%,3,57.678%,,4,"Wreath of Phrecia",,,1637.3,https://www.poewiki.net/wiki/Wreath_of_Phrecia
"Iron Gauntlets",50.000%,2,50.000%,,5,"Lochtonial Caress",,,2076.4,https://www.poewiki.net/wiki/Lochtonial_Caress
"Iron Hat",50.000%,2,50.000%,,5,"Ezomyte Peak",,,2076.4,https://www.poewiki.net/wiki/Ezomyte_Peak
"Iron Mask",40.933%,3,59.067%,,4,"Malachai's Simula",,,1637.3,https://www.poewiki.net/wiki/Malachai%27s_Simula
"Iron Ring",7.650%,14,50.000%,,4,"Le Heup of All",,,1637.3,https://www.poewiki.net/wiki/Le_Heup_of_All
"Iron Ring",7.650%,14,50.000%,,4,Venopuncture,,,1637.3,https://www.poewiki.net/wiki/Venopuncture
"Iron Ring",7.650%,14,50.000%,,4,"Prospero's Protection",,,1637.3,https://www.poewiki.net/wiki/Prospero%27s_Protection
"Iron Ring",7.650%,14,50.000%,,4,"Icefang Orbit",,,1637.3,https://www.poewiki.net/wiki/Icefang_Orbit
"Iron Ring",9.701%,11,50.000%,,5,Blackheart,,,2076.4,https://www.poewiki.net/wiki/Blackheart
"Iron Ring",9.701%,11,50.000%,,5,"The Warden's Brand",,,2076.4,https://www.poewiki.net/wiki/The_Warden%27s_Brand
"Iron Staff",16.667%,6,50.000%,,5,Realmshaper,,,2076.4,https://www.poewiki.net/wiki/Realmshaper
"Iron Staff",16.667%,6,50.000%,,5,"Pillar of the Caged God",,,2076.4,https://www.poewiki.net/wiki/Pillar_of_the_Caged_God
"Iron Staff",16.667%,6,50.000%,,5,"Dying Breath",,,2076.4,https://www.poewiki.net/wiki/Dying_Breath
"Ironscale Boots",50.000%,2,50.000%,,5,Dusktoe,,,2076.4,https://www.poewiki.net/wiki/Dusktoe
"Ironscale Gauntlets",40.933%,3,59.067%,,4,"Flesh and Spirit",,,1637.3,https://www.poewiki.net/wiki/Flesh_and_Spirit
"Ironwood Buckler",40.933%,3,59.067%,,4,"Kiloava's Bluster",,,1637.3,https://www.poewiki.net/wiki/Kiloava%27s_Bluster
"Jade Amulet",2.778%,36,50.000%,,3,"Rashkaldor's Patience",,,314.8,https://www.poewiki.net/wiki/Rashkaldor%27s_Patience
"Jade Amulet",14.449%,7,50.000%,,4,"Hyrri's Truth",,,1637.3,https://www.poewiki.net/wiki/Hyrri%27s_Truth
"Jade Amulet",14.449%,7,50.000%,,4,Willowgift,,,1637.3,https://www.poewiki.net/wiki/Willowgift
"Jade Amulet",18.324%,6,50.000%,,5,"Karui Ward",,,2076.4,https://www.poewiki.net/wiki/Karui_Ward
"Jade Hatchet",50.000%,2,50.000%,,5,"The Screaming Eagle",,,2076.4,https://www.poewiki.net/wiki/The_Screaming_Eagle
"Jagged Foil",50.000%,2,50.000%,,5,"Fidelitas' Spike",,,2076.4,https://www.poewiki.net/wiki/Fidelitas%27_Spike
"Jagged Maul",50.000%,2,50.000%,,5,Quecholli,,,2076.4,https://www.poewiki.net/wiki/Quecholli
"Jasper Chopper",40.933%,3,59.067%,,4,"The Harvest",,,1637.3,https://www.poewiki.net/wiki/The_Harvest
"Jewelled Foil",1.390%,72,98.610%,,2,"Cospri's Malice",,,55.6,https://www.poewiki.net/wiki/Cospri%27s_Malice
"Jingling Spirit Shield",0.680%,148,99.320%,,1,"Light of Lunaris",,,27.2,https://www.poewiki.net/wiki/Light_of_Lunaris
"Judgement Staff",7.870%,13,84.260%,,3,"Hegemony's Era",,,314.8,https://www.poewiki.net/wiki/Hegemony%27s_Era
"Judgement Staff",7.870%,13,84.260%,,3,"The Grey Spire",,,314.8,https://www.poewiki.net/wiki/The_Grey_Spire
"Karui Chopper",40.933%,3,59.067%,,4,"Kaom's Primacy",,,1637.3,https://www.poewiki.net/wiki/Kaom%27s_Primacy
"Karui Maul",0.038%,2667,99.963%,,0,"Marohi Erqi",,,1.5,https://www.poewiki.net/wiki/Marohi_Erqi
"Karui Sceptre",1.304%,77,50.000%,,2,"Maata's Teaching",,,55.6,https://www.poewiki.net/wiki/Maata%27s_Teaching
"Karui Sceptre",48.696%,3,50.000%,,5,"Death's Hand",,,2076.4,https://www.poewiki.net/wiki/Death%27s_Hand
"Lacquered Buckler",7.870%,13,92.130%,,3,Mistwall,,,314.8,https://www.poewiki.net/wiki/Mistwall
"Lacquered Garb",1.390%,72,57.678%,,2,"Cloak of Defiance",,,55.6,https://www.poewiki.net/wiki/Cloak_of_Defiance
"Lacquered Garb",40.933%,3,57.678%,,4,"Victario's Influence",,,1637.3,https://www.poewiki.net/wiki/Victario%27s_Influence
"Lacquered Helmet",50.000%,2,50.000%,,5,"Black Sun Crest",,,2076.4,https://www.poewiki.net/wiki/Black_Sun_Crest
"Laminated Kite Shield",50.000%,2,50.000%,,5,"Victario's Charity",,,2076.4,https://www.poewiki.net/wiki/Victario%27s_Charity
"Lapis Amulet",2.295%,44,50.000%,,3,"Doedre's Tongue",,,314.8,https://www.poewiki.net/wiki/Doedre%27s_Tongue
"Lapis Amulet",2.295%,44,50.000%,,3,"Marylene's Fallacy",,,314.8,https://www.poewiki.net/wiki/Marylene%27s_Fallacy
"Lapis Amulet",15.137%,7,50.000%,,5,"Tear of Purity",,,2076.4,https://www.poewiki.net/wiki/Tear_of_Purity
"Lapis Amulet",15.137%,7,50.000%,,5,"Stone of Lazhwar",,,2076.4,https://www.poewiki.net/wiki/Stone_of_Lazhwar
"Lapis Amulet",15.137%,7,50.000%,,5,"The Ephemeral Bond",,,2076.4,https://www.poewiki.net/wiki/The_Ephemeral_Bond
Lathi,7.870%,13,92.130%,,3,"The Searing Touch",,,314.8,https://www.poewiki.net/wiki/The_Searing_Touch
"Latticed Ringmail",50.000%,2,50.000%,,5,Icetomb,,,2076.4,https://www.poewiki.net/wiki/Icetomb
"Leather Belt",0.009%,10745,50.000%,,0,Headhunter,,,1.5,https://www.poewiki.net/wiki/Headhunter
"Leather Belt",1.953%,52,50.000%,,3,"Umbilicus Immortalis",,,314.8,https://www.poewiki.net/wiki/Umbilicus_Immortalis
"Leather Belt",1.953%,52,50.000%,,3,"Leash of Oblation",,,314.8,https://www.poewiki.net/wiki/Leash_of_Oblation
"Leather Belt",10.159%,10,50.000%,,4,Gluttony,,,1637.3,https://www.poewiki.net/wiki/Gluttony
"Leather Belt",10.159%,10,50.000%,,4,"Pyroshock Clasp",,,1637.3,https://www.poewiki.net/wiki/Pyroshock_Clasp
"Leather Belt",12.883%,8,50.000%,,5,"Wurm's Molt",,,2076.4,https://www.poewiki.net/wiki/Wurm%27s_Molt
"Leather Belt",12.883%,8,50.000%,,5,"Immortal Flesh",,,2076.4,https://www.poewiki.net/wiki/Immortal_Flesh
"Leather Cap",40.933%,3,59.067%,,4,Goldrim,,,1637.3,https://www.poewiki.net/wiki/Goldrim
"Leather Hood",7.870%,13,92.130%,,3,Heatshiver,,,314.8,https://www.poewiki.net/wiki/Heatshiver
"Legion Boots",6.582%,16,50.000%,,3,"March of the Legion",,,314.8,https://www.poewiki.net/wiki/March_of_the_Legion
"Legion Boots",43.418%,3,50.000%,,5,"Gang's Momentum",,,2076.4,https://www.poewiki.net/wiki/Gang%27s_Momentum
"Legion Gloves",40.933%,3,59.067%,,4,"Null and Void",,,1637.3,https://www.poewiki.net/wiki/Null_and_Void
"Legion Sword",40.933%,3,59.067%,,4,"Hyaon's Fury",,,1637.3,https://www.poewiki.net/wiki/Hyaon%27s_Fury
"Lion Pelt",40.933%,3,59.067%,,4,Obscurantis,,,1637.3,https://www.poewiki.net/wiki/Obscurantis
"Lion Sword",7.870%,13,92.130%,,3,Doomsower,,,314.8,https://www.poewiki.net/wiki/Doomsower
"Long Bow",50.000%,2,50.000%,,5,"Storm Cloud",,,2076.4,https://www.poewiki.net/wiki/Storm_Cloud
"Lunaris Circlet",40.933%,3,59.067%,,4,"Doedre's Scorn",,,1637.3,https://www.poewiki.net/wiki/Doedre%27s_Scorn
"Maelström Staff",7.870%,13,92.130%,,3,"Taryn's Shiver",,,314.8,https://www.poewiki.net/wiki/Taryn%27s_Shiver
"Majestic Plate",1.390%,72,98.610%,,2,"Utula's Hunger",,,55.6,https://www.poewiki.net/wiki/Utula%27s_Hunger
"Marble Amulet",50.000%,2,50.000%,,5,Bloodgrip,,,2076.4,https://www.poewiki.net/wiki/Bloodgrip
Meatgrinder,7.870%,13,92.130%,,3,"Brain Rattler",,,314.8,https://www.poewiki.net/wiki/Brain_Rattler
"Mesh Boots",50.000%,2,50.000%,,5,"Wake of Destruction",,,2076.4,https://www.poewiki.net/wiki/Wake_of_Destruction
"Mesh Gloves",6.582%,16,50.000%,,3,"The Hand of Phrecia",,,314.8,https://www.poewiki.net/wiki/The_Hand_of_Phrecia
"Mesh Gloves",43.418%,3,50.000%,,5,"Triad Grip",,,2076.4,https://www.poewiki.net/wiki/Triad_Grip
"Midnight Blade",4.385%,23,50.000%,,3,"Razor of the Seventh Sun",,,314.8,https://www.poewiki.net/wiki/Razor_of_the_Seventh_Sun
"Midnight Blade",22.807%,5,50.000%,,4,"Rigwald's Command",,,1637.3,https://www.poewiki.net/wiki/Rigwald%27s_Command
"Midnight Blade",22.807%,5,50.000%,,4,"Ahn's Might",,,1637.3,https://www.poewiki.net/wiki/Ahn%27s_Might
"Military Staff",7.870%,13,92.130%,,3,"Tremor Rod",,,314.8,https://www.poewiki.net/wiki/Tremor_Rod
"Mind Cage",7.870%,13,84.260%,,3,"Rime Gaze",,,314.8,https://www.poewiki.net/wiki/Rime_Gaze
"Mind Cage",7.870%,13,84.260%,,3,"Scold's Bridle",,,314.8,https://www.poewiki.net/wiki/Scold%27s_Bridle
"Mirrored Spiked Shield",50.000%,2,50.000%,,5,"Leper's Alms",,,2076.4,https://www.poewiki.net/wiki/Leper%27s_Alms
"Moonstone Ring",0.369%,272,50.000%,,2,Anathema,,,55.6,https://www.poewiki.net/wiki/Anathema
"Moonstone Ring",0.369%,272,50.000%,,2,"Shavronne's Revelation",,,55.6,https://www.poewiki.net/wiki/Shavronne%27s_Revelation
"Moonstone Ring",10.859%,10,50.000%,,4,"Heartbound Loop",,,1637.3,https://www.poewiki.net/wiki/Heartbound_Loop
"Moonstone Ring",10.859%,10,50.000%,,4,Timeclasp,,,1637.3,https://www.poewiki.net/wiki/Timeclasp
"Moonstone Ring",13.772%,8,50.000%,,5,Valyrium,,,2076.4,https://www.poewiki.net/wiki/Valyrium
"Moonstone Ring",13.772%,8,50.000%,,5,"Tawhanuku's Timing",,,2076.4,https://www.poewiki.net/wiki/Tawhanuku%27s_Timing
"Mosaic Kite Shield",40.933%,3,59.067%,,4,"Rise of the Phoenix",,,1637.3,https://www.poewiki.net/wiki/Rise_of_the_Phoenix
"Murder Mitts",1.390%,72,97.220%,,2,"Machina Mitts",,,55.6,https://www.poewiki.net/wiki/Machina_Mitts
"Murder Mitts",1.390%,72,97.220%,,2,Thunderfist,,,55.6,https://www.poewiki.net/wiki/Thunderfist
"Nailed Fist",50.000%,2,50.000%,,5,"Last Resort",,,2076.4,https://www.poewiki.net/wiki/Last_Resort
"Necromancer Circlet",7.870%,13,92.130%,,3,"Chitus' Apex",,,314.8,https://www.poewiki.net/wiki/Chitus%27_Apex
"Necromancer Silks",1.390%,72,57.678%,,2,Fleshcrafter,,,55.6,https://www.poewiki.net/wiki/Fleshcrafter
"Necromancer Silks",40.933%,3,57.678%,,4,"Vis Mortis",,,1637.3,https://www.poewiki.net/wiki/Vis_Mortis
"Nightmare Bascinet",6.582%,16,50.000%,,3,"The Bringer of Rain",,,314.8,https://www.poewiki.net/wiki/The_Bringer_of_Rain
"Nightmare Bascinet",43.418%,3,50.000%,,5,"Devoto's Devotion",,,2076.4,https://www.poewiki.net/wiki/Devoto%27s_Devotion
"Nubuck Boots",40.933%,3,59.067%,,4,Goldwyrm,,,1637.3,https://www.poewiki.net/wiki/Goldwyrm
"Nubuck Gloves",40.933%,3,59.067%,,4,Oskarm,,,1637.3,https://www.poewiki.net/wiki/Oskarm
"Occultist's Vestment",1.390%,72,98.610%,,2,"Shavronne's Wrappings",,,55.6,https://www.poewiki.net/wiki/Shavronne%27s_Wrappings
"Omen Wand",7.870%,13,92.130%,,3,"Apep's Rage",,,314.8,https://www.poewiki.net/wiki/Apep%27s_Rage
"Onyx Amulet",0.904%,111,50.000%,,2,Astramentis,,,55.6,https://www.poewiki.net/wiki/Astramentis
"Onyx Amulet",5.116%,20,50.000%,,3,"Hinekora's Sight",,,314.8,https://www.poewiki.net/wiki/Hinekora%27s_Sight
"Onyx Amulet",5.116%,20,50.000%,,3,"Eye of Chayula",,,314.8,https://www.poewiki.net/wiki/Eye_of_Chayula
"Onyx Amulet",5.116%,20,50.000%,,3,"Replica Dragonfang's Flight",,,314.8,https://www.poewiki.net/wiki/Replica_Dragonfang%27s_Flight
"Onyx Amulet",33.747%,3,50.000%,,5,"Carnage Heart",,,2076.4,https://www.poewiki.net/wiki/Carnage_Heart
"Opal Ring",40.933%,3,59.067%,,4,Stormfire,,,1637.3,https://www.poewiki.net/wiki/Stormfire
"Opal Sceptre",50.000%,2,50.000%,,5,Balefire,,,2076.4,https://www.poewiki.net/wiki/Balefire
"Ornate Mace",40.933%,3,59.067%,,4,Frostbreath,,,1637.3,https://www.poewiki.net/wiki/Frostbreath
"Ornate Ringmail",50.000%,2,50.000%,,5,"Lightbane Raiment",,,2076.4,https://www.poewiki.net/wiki/Lightbane_Raiment
"Ornate Sword",50.000%,2,50.000%,,5,"Queen's Decree",,,2076.4,https://www.poewiki.net/wiki/Queen%27s_Decree
"Pagan Wand",1.390%,72,98.610%,,2,"Mystic Refractor",,,55.6,https://www.poewiki.net/wiki/Mystic_Refractor
"Painted Buckler",50.000%,2,50.000%,,5,Kaltenhalt,,,2076.4,https://www.poewiki.net/wiki/Kaltenhalt
"Paua Amulet",0.035%,2845,50.000%,,0,"Defiance of Destiny",,,1.5,https://www.poewiki.net/wiki/Defiance_of_Destiny
"Paua Amulet",1.303%,77,50.000%,,2,"Atziri's Foible",,,55.6,https://www.poewiki.net/wiki/Atziri%27s_Foible
"Paua Amulet",48.662%,3,50.000%,,5,Sidhebreath,,,2076.4,https://www.poewiki.net/wiki/Sidhebreath
"Paua Ring",2.778%,36,50.000%,,3,"Perandus Signet",,,314.8,https://www.poewiki.net/wiki/Perandus_Signet
"Paua Ring",14.449%,7,50.000%,,4,Soulbound,,,1637.3,https://www.poewiki.net/wiki/Soulbound
"Paua Ring",14.449%,7,50.000%,,4,"Doedre's Damning",,,1637.3,https://www.poewiki.net/wiki/Doedre%27s_Damning
"Paua Ring",18.324%,6,50.000%,,5,Praxis,,,2076.4,https://www.poewiki.net/wiki/Praxis
"Penetrating Arrow Quiver",40.933%,3,59.067%,,4,Drillneck,,,1637.3,https://www.poewiki.net/wiki/Drillneck
"Pine Buckler",50.000%,2,50.000%,,5,"Crest of Perandus",,,2076.4,https://www.poewiki.net/wiki/Crest_of_Perandus
"Pinnacle Tower Shield",7.870%,13,92.130%,,3,"Lioneye's Remorse",,,314.8,https://www.poewiki.net/wiki/Lioneye%27s_Remorse
"Plague Mask",40.933%,3,59.067%,,4,"Curtain Call",,,1637.3,https://www.poewiki.net/wiki/Curtain_Call
"Plank Kite Shield",50.000%,2,50.000%,,5,Springleaf,,,2076.4,https://www.poewiki.net/wiki/Springleaf
"Plate Vest",40.933%,3,59.067%,,4,Bramblejack,,,1637.3,https://www.poewiki.net/wiki/Bramblejack
"Plated Greaves",50.000%,2,50.000%,,5,Stormcharger,,,2076.4,https://www.poewiki.net/wiki/Stormcharger
"Platinum Kris",50.000%,2,50.000%,,5,"Mark of the Doubting Knight",,,2076.4,https://www.poewiki.net/wiki/Mark_of_the_Doubting_Knight
"Platinum Sceptre",40.933%,3,59.067%,,4,Singularity,,,1637.3,https://www.poewiki.net/wiki/Singularity
Poleaxe,50.000%,2,50.000%,,5,Wideswing,,,2076.4,https://www.poewiki.net/wiki/Wideswing
"Polished Spiked Shield",50.000%,2,50.000%,,5,"Zeel's Amplifier",,,2076.4,https://www.poewiki.net/wiki/Zeel%27s_Amplifier
"Praetor Crown",6.943%,15,50.000%,,3,"Memory Vault",,,314.8,https://www.poewiki.net/wiki/Memory_Vault
"Praetor Crown",6.943%,15,50.000%,,3,"Voll's Vision",,,314.8,https://www.poewiki.net/wiki/Voll%27s_Vision
"Praetor Crown",36.113%,3,50.000%,,4,"Ahn's Contempt",,,1637.3,https://www.poewiki.net/wiki/Ahn%27s_Contempt
"Primal Arrow Quiver",40.933%,3,59.067%,,4,"The Poised Prism",,,1637.3,https://www.poewiki.net/wiki/The_Poised_Prism
"Primordial Staff",50.000%,2,50.000%,,5,"Femurs of the Saints",,,2076.4,https://www.poewiki.net/wiki/Femurs_of_the_Saints
"Prismatic Ring",25.000%,4,50.000%,,4,"Thief's Torment",,,1637.3,https://www.poewiki.net/wiki/Thief%27s_Torment
"Prismatic Ring",25.000%,4,50.000%,,4,"Lori's Lantern",,,1637.3,https://www.poewiki.net/wiki/Lori%27s_Lantern
"Prophecy Wand",1.390%,72,98.610%,,2,"Void Battery",,,55.6,https://www.poewiki.net/wiki/Void_Battery
"Prophet Crown",0.364%,276,50.000%,,1,"The Brine Crown",,,27.2,https://www.poewiki.net/wiki/The_Brine_Crown
"Prophet Crown",21.884%,5,50.000%,,4,"Speaker's Wreath",,,1637.3,https://www.poewiki.net/wiki/Speaker%27s_Wreath
"Prophet Crown",27.753%,4,50.000%,,5,"The Broken Crown",,,2076.4,https://www.poewiki.net/wiki/The_Broken_Crown
"Ranger Bow",7.870%,13,92.130%,,3,"Null's Inclination",,,314.8,https://www.poewiki.net/wiki/Null%27s_Inclination
"Raven Mask",1.390%,72,98.610%,,2,"The Gull",,,55.6,https://www.poewiki.net/wiki/The_Gull
"Rawhide Boots",1.390%,72,98.610%,,2,"Seven-League Step",,,55.6,https://www.poewiki.net/wiki/Seven-League_Step
"Rawhide Tower Shield",7.870%,13,92.130%,,3,Lycosidae,,,314.8,https://www.poewiki.net/wiki/Lycosidae
"Reaver Helmet",7.870%,13,92.130%,,3,"Blood Price",,,314.8,https://www.poewiki.net/wiki/Blood_Price
"Reaver Sword",25.000%,4,50.000%,,4,"The Dancing Dervish",,,1637.3,https://www.poewiki.net/wiki/The_Dancing_Dervish
"Reaver Sword",25.000%,4,50.000%,,4,Hiltless,,,1637.3,https://www.poewiki.net/wiki/Hiltless
"Recurve Bow",50.000%,2,50.000%,,5,"Roth's Reach",,,2076.4,https://www.poewiki.net/wiki/Roth%27s_Reach
"Regicide Mask",1.390%,72,57.678%,,2,"Akoya's Gaze",,,55.6,https://www.poewiki.net/wiki/Akoya%27s_Gaze
"Regicide Mask",40.933%,3,57.678%,,4,"Crown of the Pale King",,,1637.3,https://www.poewiki.net/wiki/Crown_of_the_Pale_King
"Reinforced Greaves",7.870%,13,92.130%,,3,Windscream,,,314.8,https://www.poewiki.net/wiki/Windscream
"Reinforced Tower Shield",50.000%,2,50.000%,,5,"Titucius' Span",,,2076.4,https://www.poewiki.net/wiki/Titucius%27_Span
"Ritual Sceptre",7.870%,13,92.130%,,3,"Brutus' Lead Sprinkler",,,314.8,https://www.poewiki.net/wiki/Brutus%27_Lead_Sprinkler
"Riveted Boots",0.680%,148,99.320%,,1,"Ralakesh's Impatience",,,27.2,https://www.poewiki.net/wiki/Ralakesh%27s_Impatience
"Rock Breaker",50.000%,2,50.000%,,5,Clayshaper,,,2076.4,https://www.poewiki.net/wiki/Clayshaper
"Rotted Round Shield",50.000%,2,50.000%,,5,"Wheel of the Stormsail",,,2076.4,https://www.poewiki.net/wiki/Wheel_of_the_Stormsail
"Royal Axe",40.933%,3,59.067%,,4,"Rigwald's Savagery",,,1637.3,https://www.poewiki.net/wiki/Rigwald%27s_Savagery
"Royal Bow",7.870%,13,92.130%,,3,Doomfletch,,,314.8,https://www.poewiki.net/wiki/Doomfletch
"Royal Sceptre",40.933%,3,59.067%,,4,"The Black Cane",,,1637.3,https://www.poewiki.net/wiki/The_Black_Cane
"Royal Skean",50.000%,2,50.000%,,5,Heartbreaker,,,2076.4,https://www.poewiki.net/wiki/Heartbreaker
"Royal Staff",50.000%,2,50.000%,,5,"The Stormheart",,,2076.4,https://www.poewiki.net/wiki/The_Stormheart
"Ruby Ring",0.763%,132,50.000%,,2,"Warrior's Legacy",,,55.6,https://www.poewiki.net/wiki/Warrior%27s_Legacy
"Ruby Ring",4.318%,24,50.000%,,3,Emberwake,,,314.8,https://www.poewiki.net/wiki/Emberwake
"Ruby Ring",22.460%,5,50.000%,,4,"Mokou's Embrace",,,1637.3,https://www.poewiki.net/wiki/Mokou%27s_Embrace
"Ruby Ring",22.460%,5,50.000%,,4,"Ngamahu's Sign",,,1637.3,https://www.poewiki.net/wiki/Ngamahu%27s_Sign
"Rusted Sword",50.000%,2,50.000%,,5,Redbeak,,,2076.4,https://www.poewiki.net/wiki/Redbeak
"Rustic Sash",16.667%,6,50.000%,,5,Feastbind,,,2076.4,https://www.poewiki.net/wiki/Feastbind
"Rustic Sash",16.667%,6,50.000%,,5,Prismweave,,,2076.4,https://www.poewiki.net/wiki/Prismweave
"Rustic Sash",16.667%,6,50.000%,,5,Faminebind,,,2076.4,https://www.poewiki.net/wiki/Faminebind
Sabre,50.000%,2,50.000%,,5,"The Princess",,,2076.4,https://www.poewiki.net/wiki/The_Princess
"Sadist Garb",1.390%,72,90.740%,,2,"Inpulsa's Broken Heart",,,55.6,https://www.poewiki.net/wiki/Inpulsa%27s_Broken_Heart
"Sadist Garb",7.870%,13,90.740%,,3,Tinkerskin,,,314.8,https://www.poewiki.net/wiki/Tinkerskin
"Sage Wand",0.647%,155,50.000%,,1,"Shade of Solaris",,,27.2,https://www.poewiki.net/wiki/Shade_of_Solaris
"Sage Wand",49.353%,3,50.000%,,5,Twyzel,,,2076.4,https://www.poewiki.net/wiki/Twyzel
"Sage's Robe",0.647%,155,50.000%,,1,"Dialla's Malefaction",,,27.2,https://www.poewiki.net/wiki/Dialla%27s_Malefaction
"Sage's Robe",49.353%,3,50.000%,,5,"Zahndethus' Cassock",,,2076.4,https://www.poewiki.net/wiki/Zahndethus%27_Cassock
"Saint's Hauberk",1.390%,72,90.740%,,2,"Doryani's Prototype",,,55.6,https://www.poewiki.net/wiki/Doryani%27s_Prototype
"Saint's Hauberk",7.870%,13,90.740%,,3,"The Ivory Tower",,,314.8,https://www.poewiki.net/wiki/The_Ivory_Tower
"Saintly Chainmail",7.870%,13,84.260%,,3,"Chains of Command",,,314.8,https://www.poewiki.net/wiki/Chains_of_Command
"Saintly Chainmail",7.870%,13,84.260%,,3,"Incandescent Heart",,,314.8,https://www.poewiki.net/wiki/Incandescent_Heart
"Samite Gloves",50.000%,2,50.000%,,5,"Kalisa's Grace",,,2076.4,https://www.poewiki.net/wiki/Kalisa%27s_Grace
"Samnite Helmet",50.000%,2,50.000%,,5,"Hrimnor's Resolve",,,2076.4,https://www.poewiki.net/wiki/Hrimnor%27s_Resolve
"Sapphire Ring",6.097%,17,50.000%,,3,"Dream Fragments",,,314.8,https://www.poewiki.net/wiki/Dream_Fragments
"Sapphire Ring",6.097%,17,50.000%,,3,Snakepit,,,314.8,https://www.poewiki.net/wiki/Snakepit
"Sapphire Ring",6.097%,17,50.000%,,3,Pyre,,,314.8,https://www.poewiki.net/wiki/Pyre
"Sapphire Ring",31.710%,4,50.000%,,4,"Tasalio's Sign",,,1637.3,https://www.poewiki.net/wiki/Tasalio%27s_Sign
"Satin Gloves",7.870%,13,51.198%,,3,Allelopathy,,,314.8,https://www.poewiki.net/wiki/Allelopathy
"Satin Gloves",40.933%,3,51.198%,,4,"Demon Stitcher",,,1637.3,https://www.poewiki.net/wiki/Demon_Stitcher
"Scholar Boots",50.000%,2,50.000%,,5,"Shavronne's Pace",,,2076.4,https://www.poewiki.net/wiki/Shavronne%27s_Pace
"Scholar's Robe",7.870%,13,92.130%,,3,"Cloak of Flame",,,314.8,https://www.poewiki.net/wiki/Cloak_of_Flame
"Secutor Helm",50.000%,2,50.000%,,5,Skullhead,,,2076.4,https://www.poewiki.net/wiki/Skullhead
"Sentinel Jacket",40.933%,3,59.067%,,4,Dendrobate,,,1637.3,https://www.poewiki.net/wiki/Dendrobate
"Serpentine Staff",40.933%,3,59.067%,,4,"Sire of Shards",,,1637.3,https://www.poewiki.net/wiki/Sire_of_Shards
"Serpentscale Gauntlets",7.870%,13,92.130%,,3,Haemophilia,,,314.8,https://www.poewiki.net/wiki/Haemophilia
"Serrated Arrow Quiver",50.000%,2,50.000%,,5,Craghead,,,2076.4,https://www.poewiki.net/wiki/Craghead
"Shackled Boots",40.933%,3,59.067%,,4,"Veruso's Ambition",,,1637.3,https://www.poewiki.net/wiki/Veruso%27s_Ambition
"Shadow Axe",50.000%,2,50.000%,,5,"Reaper's Pursuit",,,2076.4,https://www.poewiki.net/wiki/Reaper%27s_Pursuit
"Shadow Sceptre",7.870%,13,92.130%,,3,Bitterdream,,,314.8,https://www.poewiki.net/wiki/Bitterdream
"Shagreen Boots",50.000%,2,50.000%,,5,"Three-step Assault",,,2076.4,https://www.poewiki.net/wiki/Three-step_Assault
"Shagreen Gloves",50.000%,2,50.000%,,5,Painseeker,,,2076.4,https://www.poewiki.net/wiki/Painseeker
"Sharkskin Boots",7.870%,13,92.130%,,3,"The Blood Dance",,,314.8,https://www.poewiki.net/wiki/The_Blood_Dance
"Sharkskin Tunic",7.870%,13,92.130%,,3,"The Rat Cage",,,314.8,https://www.poewiki.net/wiki/The_Rat_Cage
"Sharktooth Arrow Quiver",22.044%,5,50.000%,,4,"Ahuana's Bite",,,1637.3,https://www.poewiki.net/wiki/Ahuana%27s_Bite
"Sharktooth Arrow Quiver",27.956%,4,50.000%,,5,"Hyrri's Bite",,,2076.4,https://www.poewiki.net/wiki/Hyrri%27s_Bite
"Short Bow",40.933%,3,59.067%,,4,"Quill Rain",,,1637.3,https://www.poewiki.net/wiki/Quill_Rain
"Siege Axe",0.038%,2667,99.963%,,0,"Soul Taker",,,1.5,https://www.poewiki.net/wiki/Soul_Taker
"Silk Gloves",7.870%,13,92.130%,,3,"Asenath's Gentle Touch",,,314.8,https://www.poewiki.net/wiki/Asenath%27s_Gentle_Touch
"Silk Slippers",50.000%,2,50.000%,,5,"Bones of Ullr",,,2076.4,https://www.poewiki.net/wiki/Bones_of_Ullr
"Silken Hood",40.933%,3,59.067%,,4,"Starkonja's Head",,,1637.3,https://www.poewiki.net/wiki/Starkonja%27s_Head
"Silken Vest",40.933%,3,59.067%,,4,Ghostwrithe,,,1637.3,https://www.poewiki.net/wiki/Ghostwrithe
"Simple Robe",7.870%,13,84.260%,,3,"Thousand Ribbons",,,314.8,https://www.poewiki.net/wiki/Thousand_Ribbons
"Simple Robe",7.870%,13,84.260%,,3,"Tabula Rasa",,,314.8,https://www.poewiki.net/wiki/Tabula_Rasa
"Sinner Tricorne",7.870%,13,84.260%,,3,"Alpha's Howl",,,314.8,https://www.poewiki.net/wiki/Alpha%27s_Howl
"Sinner Tricorne",7.870%,13,84.260%,,3,Assailum,,,314.8,https://www.poewiki.net/wiki/Assailum
"Skinning Knife",50.000%,2,50.000%,,5,Goredrill,,,2076.4,https://www.poewiki.net/wiki/Goredrill
"Slaughter Knife",0.038%,2667,99.963%,,0,"Bino's Kitchen Knife",,,1.5,https://www.poewiki.net/wiki/Bino%27s_Kitchen_Knife
Sledgehammer,50.000%,2,50.000%,,5,"Hrimnor's Hymn",,,2076.4,https://www.poewiki.net/wiki/Hrimnor%27s_Hymn
"Solaris Circlet",7.870%,13,68.520%,,3,"Wilma's Requital",,,314.8,https://www.poewiki.net/wiki/Wilma%27s_Requital
"Solaris Circlet",7.870%,13,68.520%,,3,Thundersight,,,314.8,https://www.poewiki.net/wiki/Thundersight
"Solaris Circlet",7.870%,13,68.520%,,3,Flamesight,,,314.8,https://www.poewiki.net/wiki/Flamesight
"Solaris Circlet",7.870%,13,68.520%,,3,Galesight,,,314.8,https://www.poewiki.net/wiki/Galesight
"Soldier Boots",40.933%,3,59.067%,,4,"Alberon's Warpath",,,1637.3,https://www.poewiki.net/wiki/Alberon%27s_Warpath
"Soldier Gloves",50.000%,2,50.000%,,5,Southbound,,,2076.4,https://www.poewiki.net/wiki/Southbound
"Soldier Helmet",50.000%,2,50.000%,,5,Honourhome,,,2076.4,https://www.poewiki.net/wiki/Honourhome
"Sorcerer Boots",1.390%,72,98.610%,,2,Skyforth,,,55.6,https://www.poewiki.net/wiki/Skyforth
"Spidersilk Robe",1.390%,72,57.678%,,2,"The Covenant",,,55.6,https://www.poewiki.net/wiki/The_Covenant
"Spidersilk Robe",40.933%,3,57.678%,,4,"Soul Mantle",,,1637.3,https://www.poewiki.net/wiki/Soul_Mantle
"Spike-Point Arrow Quiver",40.933%,3,59.067%,,4,"Soul Strike",,,1637.3,https://www.poewiki.net/wiki/Soul_Strike
"Spiked Club",50.000%,2,50.000%,,5,Gorebreaker,,,2076.4,https://www.poewiki.net/wiki/Gorebreaker
"Spine Bow",0.038%,2667,92.093%,,0,"Voltaxic Rift",,,1.5,https://www.poewiki.net/wiki/Voltaxic_Rift
"Spine Bow",7.870%,13,92.093%,,3,"Reach of the Council",,,314.8,https://www.poewiki.net/wiki/Reach_of_the_Council
"Spiraled Wand",6.582%,16,50.000%,,3,"Reverberation Rod",,,314.8,https://www.poewiki.net/wiki/Reverberation_Rod
"Spiraled Wand",43.418%,3,50.000%,,5,"Storm Prison",,,2076.4,https://www.poewiki.net/wiki/Storm_Prison
"Stealth Boots",0.647%,155,50.000%,,1,"Garukhan's Flight",,,27.2,https://www.poewiki.net/wiki/Garukhan%27s_Flight
"Stealth Boots",49.353%,3,50.000%,,5,"Sin Trek",,,2076.4,https://www.poewiki.net/wiki/Sin_Trek
"Steel Circlet",7.870%,13,92.130%,,3,"Maw of Conquest",,,314.8,https://www.poewiki.net/wiki/Maw_of_Conquest
"Steel Gauntlets",7.870%,13,92.130%,,3,"Meginord's Vise",,,314.8,https://www.poewiki.net/wiki/Meginord%27s_Vise
"Steel Kite Shield",1.390%,72,98.610%,,2,"Emperor's Vigilance",,,55.6,https://www.poewiki.net/wiki/Emperor%27s_Vigilance
Steelhead,40.933%,3,59.067%,,4,"Jorrhast's Blacksteel",,,1637.3,https://www.poewiki.net/wiki/Jorrhast%27s_Blacksteel
"Steelscale Gauntlets",7.870%,13,92.130%,,3,Aurseize,,,314.8,https://www.poewiki.net/wiki/Aurseize
Stiletto,50.000%,2,50.000%,,5,Bloodplay,,,2076.4,https://www.poewiki.net/wiki/Bloodplay
"Strapped Boots",50.000%,2,50.000%,,5,"Nomic's Storm",,,2076.4,https://www.poewiki.net/wiki/Nomic%27s_Storm
"Strapped Mitts",40.933%,3,59.067%,,4,Facebreaker,,,1637.3,https://www.poewiki.net/wiki/Facebreaker
"Studded Belt",0.680%,148,97.930%,,1,"Ryslatha's Coil",,,27.2,https://www.poewiki.net/wiki/Ryslatha%27s_Coil
"Studded Belt",1.390%,72,97.930%,,2,"The Magnate",,,55.6,https://www.poewiki.net/wiki/The_Magnate
"Studded Round Shield",50.000%,2,50.000%,,5,"The Deep One's Hide",,,2076.4,https://www.poewiki.net/wiki/The_Deep_One%27s_Hide
"Sun Leather",50.000%,2,50.000%,,5,Briskwrap,,,2076.4,https://www.poewiki.net/wiki/Briskwrap
"Supreme Spiked Shield",50.000%,2,50.000%,,5,"Jaws of Agony",,,2076.4,https://www.poewiki.net/wiki/Jaws_of_Agony
"Tarnished Spirit Shield",40.933%,3,59.067%,,4,"Matua Tupuna",,,1637.3,https://www.poewiki.net/wiki/Matua_Tupuna
"Teak Round Shield",40.933%,3,59.067%,,4,"The Ghastly Theatre",,,1637.3,https://www.poewiki.net/wiki/The_Ghastly_Theatre
"Terror Claw",6.582%,16,50.000%,,3,"The Scourge",,,314.8,https://www.poewiki.net/wiki/The_Scourge
"Terror Claw",43.418%,3,50.000%,,5,Rive,,,2076.4,https://www.poewiki.net/wiki/Rive
"Terror Maul",40.933%,3,59.067%,,4,"Kongor's Undying Rage",,,1637.3,https://www.poewiki.net/wiki/Kongor%27s_Undying_Rage
"Thresher Claw",50.000%,2,50.000%,,5,"Cybil's Paw",,,2076.4,https://www.poewiki.net/wiki/Cybil%27s_Paw
"Throat Stabber",50.000%,2,50.000%,,5,"The Wasp Nest",,,2076.4,https://www.poewiki.net/wiki/The_Wasp_Nest
"Tiger Sword",50.000%,2,50.000%,,5,"Terminus Est",,,2076.4,https://www.poewiki.net/wiki/Terminus_Est
"Timeworn Claw",40.933%,3,59.067%,,4,"Al Dhih",,,1637.3,https://www.poewiki.net/wiki/Al_Dhih
"Titan Gauntlets",6.582%,16,50.000%,,3,"Kaom's Spirit",,,314.8,https://www.poewiki.net/wiki/Kaom%27s_Spirit
"Titan Gauntlets",43.418%,3,50.000%,,5,"Veruso's Battering Rams",,,2076.4,https://www.poewiki.net/wiki/Veruso%27s_Battering_Rams
"Titan Greaves",7.870%,13,92.130%,,3,"Kaom's Roots",,,314.8,https://www.poewiki.net/wiki/Kaom%27s_Roots
"Titanium Spirit Shield",1.390%,72,98.610%,,2,"Rathpith Globe",,,55.6,https://www.poewiki.net/wiki/Rathpith_Globe
Tomahawk,40.933%,3,59.067%,,4,"Moonbender's Wing",,,1637.3,https://www.poewiki.net/wiki/Moonbender%27s_Wing
"Topaz Ring",0.560%,179,50.000%,,2,"Astral Projector",,,55.6,https://www.poewiki.net/wiki/Astral_Projector
"Topaz Ring",16.480%,7,50.000%,,4,Kikazaru,,,1637.3,https://www.poewiki.net/wiki/Kikazaru
"Topaz Ring",16.480%,7,50.000%,,4,"Storm Secret",,,1637.3,https://www.poewiki.net/wiki/Storm_Secret
"Topaz Ring",16.480%,7,50.000%,,4,"Valako's Sign",,,1637.3,https://www.poewiki.net/wiki/Valako%27s_Sign
"Tribal Circlet",50.000%,2,50.000%,,5,"Mark of the Red Covenant",,,2076.4,https://www.poewiki.net/wiki/Mark_of_the_Red_Covenant
Tricorne,7.870%,13,92.130%,,3,"Fairgraves' Tricorne",,,314.8,https://www.poewiki.net/wiki/Fairgraves%27_Tricorne
"Triumphant Lamellar",40.933%,3,59.067%,,4,"Cherrubim's Maleficence",,,1637.3,https://www.poewiki.net/wiki/Cherrubim%27s_Maleficence
"Turquoise Amulet",0.461%,218,50.000%,,2,"Badge of the Brotherhood",,,55.6,https://www.poewiki.net/wiki/Badge_of_the_Brotherhood
"Turquoise Amulet",2.608%,39,50.000%,,3,"Fury Valve",,,314.8,https://www.poewiki.net/wiki/Fury_Valve
"Turquoise Amulet",2.608%,39,50.000%,,3,"Ungil's Harmony",,,314.8,https://www.poewiki.net/wiki/Ungil%27s_Harmony
"Turquoise Amulet",13.562%,8,50.000%,,4,"Maligaro's Cruelty",,,1637.3,https://www.poewiki.net/wiki/Maligaro%27s_Cruelty
"Turquoise Amulet",13.562%,8,50.000%,,4,"Warped Timepiece",,,1637.3,https://www.poewiki.net/wiki/Warped_Timepiece
"Turquoise Amulet",17.200%,6,50.000%,,5,"Victario's Acuity",,,2076.4,https://www.poewiki.net/wiki/Victario%27s_Acuity
"Twilight Blade",50.000%,2,50.000%,,5,"Prismatic Eclipse",,,2076.4,https://www.poewiki.net/wiki/Prismatic_Eclipse
"Two-Point Arrow Quiver",1.304%,77,50.000%,,2,"Rigwald's Quills",,,55.6,https://www.poewiki.net/wiki/Rigwald%27s_Quills
"Two-Point Arrow Quiver",48.696%,3,50.000%,,5,Skirmish,,,2076.4,https://www.poewiki.net/wiki/Skirmish
"Two-Stone Ring",3.731%,27,50.000%,Cold/Lightning,3,"Call of the Brotherhood",,,314.8,https://www.poewiki.net/wiki/Call_of_the_Brotherhood
"Two-Stone Ring",19.404%,6,50.000%,Cold/Lightning,4,"Berek's Grip",,,1637.3,https://www.poewiki.net/wiki/Berek%27s_Grip
"Two-Stone Ring",3.731%,27,50.000%,Fire/Cold,3,"Rigwald's Crest",,,314.8,https://www.poewiki.net/wiki/Rigwald%27s_Crest
"Two-Stone Ring",19.404%,6,50.000%,Fire/Cold,4,"Berek's Pass",,,1637.3,https://www.poewiki.net/wiki/Berek%27s_Pass
"Two-Stone Ring",3.731%,27,50.000%,Fire/Lightning,3,"Berek's Respite",,,314.8,https://www.poewiki.net/wiki/Berek%27s_Respite
"Two-Toned Boots",7.870%,13,76.390%,Cold/Lightning,3,"Beacon of Madness",Chaos,,314.8,https://www.poewiki.net/wiki/Beacon_of_Madness
"Two-Toned Boots",7.870%,13,76.390%,Fire/Cold,3,"Beacon of Madness","Double Damage",,314.8,https://www.poewiki.net/wiki/Beacon_of_Madness
"Two-Toned Boots",7.870%,13,76.390%,Fire/Lightning,3,"Beacon of Madness",Elemental,,314.8,https://www.poewiki.net/wiki/Beacon_of_Madness
"Tyrant's Sekhem",50.000%,2,50.000%,,5,"Sign of the Sin Eater",,,2076.4,https://www.poewiki.net/wiki/Sign_of_the_Sin_Eater
"Unset Ring",1.984%,51,50.000%,,3,"Profane Proxy",,,314.8,https://www.poewiki.net/wiki/Profane_Proxy
"Unset Ring",1.984%,51,50.000%,,3,"Squirming Terror",,,314.8,https://www.poewiki.net/wiki/Squirming_Terror
"Unset Ring",1.984%,51,50.000%,,3,"The Hungry Loop",,,314.8,https://www.poewiki.net/wiki/The_Hungry_Loop
"Unset Ring",10.320%,10,50.000%,,4,"Essence Worm",,,1637.3,https://www.poewiki.net/wiki/Essence_Worm
"Unset Ring",10.320%,10,50.000%,,4,"Malachai's Artifice",,,1637.3,https://www.poewiki.net/wiki/Malachai%27s_Artifice
"Unset Ring",10.320%,10,50.000%,,4,Voideye,,,1637.3,https://www.poewiki.net/wiki/Voideye
"Unset Ring",13.088%,8,50.000%,,5,"Mark of Submission",,,2076.4,https://www.poewiki.net/wiki/Mark_of_Submission
"Ursine Pelt",50.000%,2,50.000%,,5,"Rat's Nest",,,2076.4,https://www.poewiki.net/wiki/Rat%27s_Nest
"Vaal Axe",7.870%,13,92.130%,,3,"Hezmana's Bloodlust",,,314.8,https://www.poewiki.net/wiki/Hezmana%27s_Bloodlust
"Vaal Blade",0.038%,2667,92.093%,,0,Varunastra,,,1.5,https://www.poewiki.net/wiki/Varunastra
"Vaal Blade",7.870%,13,92.093%,,3,"Rebuke of the Vaal",,,314.8,https://www.poewiki.net/wiki/Rebuke_of_the_Vaal
"Vaal Buckler",50.000%,2,50.000%,,5,"Thousand Teeth Temu",,,2076.4,https://www.poewiki.net/wiki/Thousand_Teeth_Temu
"Vaal Claw",0.036%,2771,50.000%,,0,"Essentia Sanguis",,,1.5,https://www.poewiki.net/wiki/Essentia_Sanguis
"Vaal Claw",49.964%,3,50.000%,,5,Allure,,,2076.4,https://www.poewiki.net/wiki/Allure
"Vaal Gauntlets",1.390%,72,98.610%,,2,"Doryani's Fist",,,55.6,https://www.poewiki.net/wiki/Doryani%27s_Fist
"Vaal Hatchet",7.870%,13,92.130%,,3,"Jack, the Axe",,,314.8,"https://www.poewiki.net/wiki/Jack,_the_Axe"
"Vaal Mask",7.870%,13,92.130%,,3,"Fractal Thoughts",,,314.8,https://www.poewiki.net/wiki/Fractal_Thoughts
"Vaal Regalia",40.933%,3,59.067%,,4,"The Beast Fur Shawl",,,1637.3,https://www.poewiki.net/wiki/The_Beast_Fur_Shawl
"Vaal Sceptre",7.870%,13,92.130%,,3,"Doon Cuebiyari",,,314.8,https://www.poewiki.net/wiki/Doon_Cuebiyari
"Vanguard Belt",40.933%,3,59.067%,,4,Perseverance,,,1637.3,https://www.poewiki.net/wiki/Perseverance
"Varnished Coat",7.870%,13,92.130%,,3,"Carcass Jack",,,314.8,https://www.poewiki.net/wiki/Carcass_Jack
"Velvet Gloves",50.000%,2,50.000%,,5,"Doedre's Tenure",,,2076.4,https://www.poewiki.net/wiki/Doedre%27s_Tenure
"Velvet Slippers",50.000%,2,50.000%,,5,Wondertrap,,,2076.4,https://www.poewiki.net/wiki/Wondertrap
"Vile Arrow Quiver",50.000%,2,50.000%,,5,"Maloney's Nightfall",,,2076.4,https://www.poewiki.net/wiki/Maloney%27s_Nightfall
"Vile Staff",7.870%,13,92.130%,,3,"The Whispering Ice",,,314.8,https://www.poewiki.net/wiki/The_Whispering_Ice
"Vine Circlet",50.000%,2,50.000%,,5,"Crown of Thorns",,,2076.4,https://www.poewiki.net/wiki/Crown_of_Thorns
"Viridian Jewel",1.390%,72,91.660%,,2,"Lioneye's Fall",,,55.6,https://www.poewiki.net/wiki/Lioneye%27s_Fall
"Viridian Jewel",1.390%,72,91.660%,,2,"Intuitive Leap",,,55.6,https://www.poewiki.net/wiki/Intuitive_Leap
"Viridian Jewel",1.390%,72,91.660%,,2,"Ancestral Vision",,,55.6,https://www.poewiki.net/wiki/Ancestral_Vision
"Viridian Jewel",1.390%,72,91.660%,,2,"Pure Talent",,,55.6,https://www.poewiki.net/wiki/Pure_Talent
"Viridian Jewel",1.390%,72,91.660%,,2,"Unnatural Instinct",,,55.6,https://www.poewiki.net/wiki/Unnatural_Instinct
"Viridian Jewel",1.390%,72,91.660%,,2,Stormshroud,,,55.6,https://www.poewiki.net/wiki/Stormshroud
"Void Axe",0.680%,148,99.320%,,1,"Kitava's Feast",,,27.2,https://www.poewiki.net/wiki/Kitava%27s_Feast
"Void Sceptre",7.870%,13,84.260%,,3,"Mon'tregul's Grasp",,,314.8,https://www.poewiki.net/wiki/Mon%27tregul%27s_Grasp
"Void Sceptre",7.870%,13,84.260%,,3,Augyre,,,314.8,https://www.poewiki.net/wiki/Augyre
"War Buckler",40.933%,3,59.067%,,4,"Chalice of Horrors",,,1637.3,https://www.poewiki.net/wiki/Chalice_of_Horrors
"War Hammer",25.000%,4,50.000%,,5,"Lavianga's Wisdom",,,2076.4,https://www.poewiki.net/wiki/Lavianga%27s_Wisdom
"War Hammer",25.000%,4,50.000%,,5,Brightbeak,,,2076.4,https://www.poewiki.net/wiki/Brightbeak
"War Sword",50.000%,2,50.000%,,5,"The Tempestuous Steel",,,2076.4,https://www.poewiki.net/wiki/The_Tempestuous_Steel
"Whalebone Rapier",40.933%,3,59.067%,,4,"The Goddess Bound",,,1637.3,https://www.poewiki.net/wiki/The_Goddess_Bound
"Widowsilk Robe",1.390%,72,90.740%,,2,"Doedre's Skin",,,55.6,https://www.poewiki.net/wiki/Doedre%27s_Skin
"Widowsilk Robe",7.870%,13,90.740%,,3,"Infernal Mantle",,,314.8,https://www.poewiki.net/wiki/Infernal_Mantle
"Wild Leather",50.000%,2,50.000%,,5,Foxshade,,,2076.4,https://www.poewiki.net/wiki/Foxshade
"Wolf Pelt",50.000%,2,50.000%,,5,Elevore,,,2076.4,https://www.poewiki.net/wiki/Elevore
Woodsplitter,50.000%,2,50.000%,,5,Limbsplit,,,2076.4,https://www.poewiki.net/wiki/Limbsplit
"Wool Gloves",40.933%,3,59.067%,,4,"Sadima's Touch",,,1637.3,https://www.poewiki.net/wiki/Sadima%27s_Touch
"Wool Shoes",50.000%,2,50.000%,,5,Wanderlust,,,2076.4,https://www.poewiki.net/wiki/Wanderlust
"Wrapped Mitts",50.000%,2,50.000%,,5,"Ondar's Clasp",,,2076.4,https://www.poewiki.net/wiki/Ondar%27s_Clasp
"Wyrmscale Doublet",0.680%,148,99.320%,,1,"Gruthkul's Pelt",,,27.2,https://www.poewiki.net/wiki/Gruthkul%27s_Pelt
"Wyrmscale Gauntlets",25.000%,4,50.000%,,4,Wyrmsign,,,1637.3,https://www.poewiki.net/wiki/Wyrmsign
"Wyrmscale Gauntlets",25.000%,4,50.000%,,4,"Tanu Ahi",,,1637.3,https://www.poewiki.net/wiki/Tanu_Ahi
"Zealot Gloves",7.870%,13,76.390%,,3,"Volkuur's Guidance",Cold,,314.8,https://www.poewiki.net/wiki/Volkuur%27s_Guidance
"Zealot Gloves",7.870%,13,76.390%,,3,"Volkuur's Guidance",Lightning,,314.8,https://www.poewiki.net/wiki/Volkuur%27s_Guidance
"Zealot Gloves",7.870%,13,76.390%,,3,"Volkuur's Guidance",Fire,,314.8,https://www.poewiki.net/wiki/Volkuur%27s_Guidance
"Zealot Helmet",40.933%,3,59.067%,,4,"Kitava's Thirst",,,1637.3,https://www.poewiki.net/wiki/Kitava%27s_Thirst
"Zodiac Leather",1.390%,72,98.610%,,2,"Hyrri's Ire",,,55.6,https://www.poewiki.net/wiki/Hyrri%27s_Ire
